Workbook

Sheet Sheet1
D1: BoostCategoryType | F1: BoostStatusType
A2: MobileHp | B2: 4097 | C2: 機体 | D2: 1 | E2: HP | F2: 1
A3: MobileBeamAttack | B3: 4098 | C3: 機体 | D3: 1 | E3: ビーム攻撃 | F3: 2
A4: MobilePhysicalAttack | B4: 4099 | C4: 機体 | D4: 1 | E4: 実弾攻撃 | F4: 3
A5: MobileBeamDefence | B5: 4100 | C5: 機体 | D5: 1 | E5: ビーム防御 | F5: 4
A6: MobilePhysicalDefence | B6: 4101 | C6: 機体 | D6: 1 | E6: 実弾防御 | F6: 5
A7: MobileCriticalRate | B7: 4102 | C7: 機体 | D7: 1 | E7: クリ率 | F7: 6
A8: MobileCriticalDamage | B8: 4103 | C8: 機体 | D8: 1 | E8: クリダメ | F8: 7
A9: MobileAccuracy | B9: 4104 | C9: 機体 | D9: 1 | E9: 命中 | F9: 8
A10: MobileEvasion | B10: 4105 | C10: 機体 | D10: 1 | E10: 回避 | F10: 9
A11: MobileMobility | B11: 4106 | C11: 機体 | D11: 1 | E11: 機動 | F11: 10
A12: MobileEnRecovery | B12: 4107 | C12: 機体 | D12: 1 | E12: EN回復 | F12: 16
A13: MobileBeamAndPhysicalAttack | B13: 4108 | C13: 機体 | D13: 1 | E13: ビーム・実弾攻撃 | F13: 14
... A36: BadgeRecoveryPower | B36: 16397 | C36: バッジ | D36: 3 | E36: 必殺技のHP回復力 | F36: 13

Sheet PilotAbility
A1: Id | B1: Rank | E1: Calc | F1: Value | G1: Order | I1: Boost | J1: Value
A2: 1 | B2: 1 | C2: =VLOOKUP(I2,Sheet1!B:F,3,FALSE) -> 2 | D2: =VLOOKUP(I2,Sheet1!B:F,5,FALSE) -> 17 | E2: 1 | F2: =IF(E2=1,J2,J2*1000) -> 10 | G2: 11 | I2: 8193 | J2: 10
A3: 2 | B3: 2 | C3: =VLOOKUP(I3,Sheet1!B:F,3,FALSE) -> 2 | D3: =VLOOKUP(I3,Sheet1!B:F,5,FALSE) -> 17 | E3: 1 | F3: =IF(E3=1,J3,J3*1000) -> 50 | G3: 12 | I3: 8193 | J3: 50
A4: 3 | B4: 3 | C4: =VLOOKUP(I4,Sheet1!B:F,3,FALSE) -> 2 | D4: =VLOOKUP(I4,Sheet1!B:F,5,FALSE) -> 17 | E4: 1 | F4: =IF(E4=1,J4,J4*1000) -> 100 | G4: 13 | I4: 8193 | J4: 100
A5: 4 | B5: 4 | C5: =VLOOKUP(I5,Sheet1!B:F,3,FALSE) -> 2 | D5: =VLOOKUP(I5,Sheet1!B:F,5,FALSE) -> 17 | E5: 1 | F5: =IF(E5=1,J5,J5*1000) -> 200 | G5: 14 | I5: 8193 | J5: 200
A6: 5 | B6: 5 | C6: =VLOOKUP(I6,Sheet1!B:F,3,FALSE) -> 2 | D6: =VLOOKUP(I6,Sheet1!B:F,5,FALSE) -> 17 | E6: 1 | F6: =IF(E6=1,J6,J6*1000) -> 500 | G6: 15 | I6: 8193 | J6: 500
A7: 6 | B7: 1 | C7: =VLOOKUP(I7,Sheet1!B:F,3,FALSE) -> 2 | D7: =VLOOKUP(I7,Sheet1!B:F,5,FALSE) -> 18 | E7: 1 | F7: =IF(E7=1,J7,J7*1000) -> 10 | G7: 21 | I7: 8194 | J7: 10
A8: 7 | B8: 2 | C8: =VLOOKUP(I8,Sheet1!B:F,3,FALSE) -> 2 | D8: =VLOOKUP(I8,Sheet1!B:F,5,FALSE) -> 18 | E8: 1 | F8: =IF(E8=1,J8,J8*1000) -> 50 | G8: 22 | I8: 8194 | J8: 50
A9: 8 | B9: 3 | C9: =VLOOKUP(I9,Sheet1!B:F,3,FALSE) -> 2 | D9: =VLOOKUP(I9,Sheet1!B:F,5,FALSE) -> 18 | E9: 1 | F9: =IF(E9=1,J9,J9*1000) -> 100 | G9: 23 | I9: 8194 | J9: 100
A10: 9 | B10: 4 | C10: =VLOOKUP(I10,Sheet1!B:F,3,FALSE) -> 2 | D10: =VLOOKUP(I10,Sheet1!B:F,5,FALSE) -> 18 | E10: 1 | F10: =IF(E10=1,J10,J10*1000) -> 200 | G10: 24 | I10: 8194 | J10: 200
A11: 10 | B11: 5 | C11: =VLOOKUP(I11,Sheet1!B:F,3,FALSE) -> 2 | D11: =VLOOKUP(I11,Sheet1!B:F,5,FALSE) -> 18 | E11: 1 | F11: =IF(E11=1,J11,J11*1000) -> 500 | G11: 25 | I11: 8194 | J11: 500
A12: 11 | B12: 1 | C12: =VLOOKUP(I12,Sheet1!B:F,3,FALSE) -> 2 | D12: =VLOOKUP(I12,Sheet1!B:F,5,FALSE) -> 8 | E12: 1 | F12: =IF(E12=1,J12,J12*1000) -> 15 | G12: 31 | I12: 8195 | J12: 15
A13: 12 | B13: 2 | C13: =VLOOKUP(I13,Sheet1!B:F,3,FALSE) -> 2 | D13: =VLOOKUP(I13,Sheet1!B:F,5,FALSE) -> 8 | E13: 1 | F13: =IF(E13=1,J13,J13*1000) -> 75 | G13: 32 | I13: 8195 | J13: 75
... A86: 85 | B86: 5 | C86: =VLOOKUP(I86,Sheet1!B:F,3,FALSE) -> 1 | D86: =VLOOKUP(I86,Sheet1!B:F,5,FALSE) -> 16 | E86: 2 | F86: =IF(E86=1,J86,J86*1000) -> 50 | G86: 175 | I86: 4107 | J86: 0.05

Sheet SupportBadge
A1: Id | B1: Rank | D1: Calc | E1: Value | F1: Order | H1: Boost | I1: Value
A2: 1 | B2: 1 | C2: =VLOOKUP(H2,Sheet1!B:F,5,FALSE) -> 1 | D2: 1 | E2: =IF(D2=1,I2,I2*1000) -> 700 | F2: 11 | H2: 4097 | I2: 700
A3: 2 | B3: 2 | C3: =VLOOKUP(H3,Sheet1!B:F,5,FALSE) -> 1 | D3: 1 | E3: =IF(D3=1,I3,I3*1000) -> 1500 | F3: 12 | H3: 4097 | I3: 1500
A4: 3 | B4: 3 | C4: =VLOOKUP(H4,Sheet1!B:F,5,FALSE) -> 1 | D4: 1 | E4: =IF(D4=1,I4,I4*1000) -> 3000 | F4: 13 | H4: 4097 | I4: 3000
A5: 4 | B5: 4 | C5: =VLOOKUP(H5,Sheet1!B:F,5,FALSE) -> 1 | D5: 1 | E5: =IF(D5=1,I5,I5*1000) -> 4500 | F5: 14 | H5: 4097 | I5: 4500
A6: 5 | B6: 1 | C6: =VLOOKUP(H6,Sheet1!B:F,5,FALSE) -> 2 | D6: 1 | E6: =IF(D6=1,I6,I6*1000) -> 30 | F6: 21 | H6: 4098 | I6: 30
A7: 6 | B7: 2 | C7: =VLOOKUP(H7,Sheet1!B:F,5,FALSE) -> 2 | D7: 1 | E7: =IF(D7=1,I7,I7*1000) -> 60 | F7: 22 | H7: 4098 | I7: 60
A8: 7 | B8: 3 | C8: =VLOOKUP(H8,Sheet1!B:F,5,FALSE) -> 2 | D8: 1 | E8: =IF(D8=1,I8,I8*1000) -> 150 | F8: 23 | H8: 4098 | I8: 150
A9: 8 | B9: 4 | C9: =VLOOKUP(H9,Sheet1!B:F,5,FALSE) -> 2 | D9: 1 | E9: =IF(D9=1,I9,I9*1000) -> 240 | F9: 24 | H9: 4098 | I9: 240
A10: 9 | B10: 1 | C10: =VLOOKUP(H10,Sheet1!B:F,5,FALSE) -> 3 | D10: 1 | E10: =IF(D10=1,I10,I10*1000) -> 30 | F10: 31 | H10: 4099 | I10: 30
A11: 10 | B11: 2 | C11: =VLOOKUP(H11,Sheet1!B:F,5,FALSE) -> 3 | D11: 1 | E11: =IF(D11=1,I11,I11*1000) -> 60 | F11: 32 | H11: 4099 | I11: 60
A12: 11 | B12: 3 | C12: =VLOOKUP(H12,Sheet1!B:F,5,FALSE) -> 3 | D12: 1 | E12: =IF(D12=1,I12,I12*1000) -> 150 | F12: 33 | H12: 4099 | I12: 150
A13: 12 | B13: 4 | C13: =VLOOKUP(H13,Sheet1!B:F,5,FALSE) -> 3 | D13: 1 | E13: =IF(D13=1,I13,I13*1000) -> 240 | F13: 34 | H13: 4099 | I13: 240
... A40: 39 | B40: 2 | C40: =VLOOKUP(H40,Sheet1!B:F,5,FALSE) -> 13 | D40: 2 | E40: =IF(D40=1,I40,I40*1000) -> 50 | F40: 132 | H40: 4112 | I40: 0.05
