Workbook

Sheet Skill
A2: Id | C2: Name | D2: Order | E2: Id | G2: Group
A3: 1 | B3: =VLOOKUP(I3,Sheet3!C:D,2,FALSE) -> 5 | C3: 多段攻撃 | D3: 501 | E3: =A3 -> 1 | G3: 特殊攻撃 | I3: =G3&"（"&H3&"）" -> 特殊攻撃（）
A4: 2 | B4: =VLOOKUP(I4,Sheet3!C:D,2,FALSE) -> 5 | C4: 多段攻撃（フィニッシュブロー） | D4: 502 | E4: =A4 -> 2 | G4: 特殊攻撃 | I4: =G4&"（"&H4&"）" -> 特殊攻撃（）
A5: 3 | B5: =VLOOKUP(I5,Sheet3!C:D,2,FALSE) -> 5 | C5: ひきよせ | D5: 503 | E5: =A5 -> 3 | G5: 特殊攻撃 | I5: =G5&"（"&H5&"）" -> 特殊攻撃（）
A6: 4 | B6: =VLOOKUP(I6,Sheet3!C:D,2,FALSE) -> 5 | C6: ひきよせ・改 | D6: 504 | E6: =A6 -> 4 | G6: 特殊攻撃 | I6: =G6&"（"&H6&"）" -> 特殊攻撃（）
A7: 5 | B7: =VLOOKUP(I7,Sheet3!C:D,2,FALSE) -> 5 | C7: ノックバック | D7: 505 | E7: =A7 -> 5 | G7: 特殊攻撃 | I7: =G7&"（"&H7&"）" -> 特殊攻撃（）
A8: 6 | B8: =VLOOKUP(I8,Sheet3!C:D,2,FALSE) -> 5 | C8: ダメージ軽減無効攻撃 | D8: 506 | E8: =A8 -> 6 | G8: 特殊攻撃 | I8: =G8&"（"&H8&"）" -> 特殊攻撃（）
A9: 7 | B9: =VLOOKUP(I9,Sheet3!C:D,2,FALSE) -> 5 | C9: クリティカル攻撃 | D9: 507 | E9: =A9 -> 7 | G9: 特殊攻撃 | I9: =G9&"（"&H9&"）" -> 特殊攻撃（）
A10: 8 | B10: =VLOOKUP(I10,Sheet3!C:D,2,FALSE) -> 5 | C10: クリティカル確定 | D10: 508 | E10: =A10 -> 8 | G10: 特殊攻撃 | I10: =G10&"（"&H10&"）" -> 特殊攻撃（）
A11: 9 | B11: =VLOOKUP(I11,Sheet3!C:D,2,FALSE) -> 5 | C11: ENダメージ | D11: 509 | E11: =A11 -> 9 | G11: 特殊攻撃 | I11: =G11&"（"&H11&"）" -> 特殊攻撃（）
A12: 10 | B12: =VLOOKUP(I12,Sheet3!C:D,2,FALSE) -> 5 | C12: 捨て身攻撃 | D12: 510 | E12: =A12 -> 10 | G12: 特殊攻撃 | I12: =G12&"（"&H12&"）" -> 特殊攻撃（）
A13: 11 | B13: =VLOOKUP(I13,Sheet3!C:D,2,FALSE) -> 5 | C13: 自爆 | D13: 511 | E13: =A13 -> 11 | G13: 特殊攻撃 | I13: =G13&"（"&H13&"）" -> 特殊攻撃（）
A14: 12 | B14: =VLOOKUP(I14,Sheet3!C:D,2,FALSE) -> 5 | C14: 必中攻撃 | D14: 512 | E14: =A14 -> 12 | G14: 特殊攻撃 | I14: =G14&"（"&H14&"）" -> 特殊攻撃（）
... A119: 117 | B119: =VLOOKUP(I119,Sheet3!C:D,2,FALSE) -> 9 | C119: 機動低下 | D119: 911 | E119: =A119 -> 117 | G119: ステータス低下 | I119: =G119&"（"&H119&"）" -> ステータス低下（）
A120: 118 | B120: =VLOOKUP(I120,Sheet3!C:D,2,FALSE) -> 51 | C120: クリティカル確定解除 | D120: 5101 | E120: =A120 -> 118 | G120: 解除 | H120: 特殊攻撃 | I120: =G120&"（"&H120&"）" -> 解除（特殊攻撃）
A121: 119 | B121: =VLOOKUP(I121,Sheet3!C:D,2,FALSE) -> 52 | C121: ビームダメージ上昇解除 | D121: 5201 | E121: =A121 -> 119 | G121: 解除 | H121: 特殊状態 | I121: =G121&"（"&H121&"）" -> 解除（特殊状態）
A122: 120 | B122: =VLOOKUP(I122,Sheet3!C:D,2,FALSE) -> 52 | C122: 実弾ダメージ上昇解除 | D122: 5202 | E122: =A122 -> 120 | G122: 解除 | H122: 特殊状態 | I122: =G122&"（"&H122&"）" -> 解除（特殊状態）
A123: 121 | B123: =VLOOKUP(I123,Sheet3!C:D,2,FALSE) -> 52 | C123: ライトアーマー解除 | D123: 5203 | E123: =A123 -> 121 | G123: 解除 | H123: 特殊状態 | I123: =G123&"（"&H123&"）" -> 解除（特殊状態）
A124: 122 | B124: =VLOOKUP(I124,Sheet3!C:D,2,FALSE) -> 52 | C124: 身代わり解除 | D124: 5204 | E124: =A124 -> 122 | G124: 解除 | H124: 特殊状態 | I124: =G124&"（"&H124&"）" -> 解除（特殊状態）
A125: 123 | B125: =VLOOKUP(I125,Sheet3!C:D,2,FALSE) -> 52 | C125: 分身解除 | D125: 5205 | E125: =A125 -> 123 | G125: 解除 | H125: 特殊状態 | I125: =G125&"（"&H125&"）" -> 解除（特殊状態）
A126: 124 | B126: =VLOOKUP(I126,Sheet3!C:D,2,FALSE) -> 52 | C126: パリィ解除 | D126: 5206 | E126: =A126 -> 124 | G126: 解除 | H126: 特殊状態 | I126: =G126&"（"&H126&"）" -> 解除（特殊状態）
A127: 125 | B127: =VLOOKUP(I127,Sheet3!C:D,2,FALSE) -> 52 | C127: ビームカウンター解除 | D127: 5207 | E127: =A127 -> 125 | G127: 解除 | H127: 特殊状態 | I127: =G127&"（"&H127&"）" -> 解除（特殊状態）
A128: 126 | B128: =VLOOKUP(I128,Sheet3!C:D,2,FALSE) -> 52 | C128: 実弾カウンター解除 | D128: 5208 | E128: =A128 -> 126 | G128: 解除 | H128: 特殊状態 | I128: =G128&"（"&H128&"）" -> 解除（特殊状態）
A129: 127 | B129: =VLOOKUP(I129,Sheet3!C:D,2,FALSE) -> 52 | C129: 回避カウンター解除 | D129: 5209 | E129: =A129 -> 127 | G129: 解除 | H129: 特殊状態 | I129: =G129&"（"&H129&"）" -> 解除（特殊状態）
A130: 128 | B130: =VLOOKUP(I130,Sheet3!C:D,2,FALSE) -> 52 | C130: ビームダメージ軽減・無効解除 | D130: 5210 | E130: =A130 -> 128 | G130: 解除 | H130: 特殊状態 | I130: =G130&"（"&H130&"）" -> 解除（特殊状態）
A131: 129 | B131: =VLOOKUP(I131,Sheet3!C:D,2,FALSE) -> 52 | C131: 実弾ダメージ軽減・無効解除 | D131: 5211 | E131: =A131 -> 129 | G131: 解除 | H131: 特殊状態 | I131: =G131&"（"&H131&"）" -> 解除（特殊状態）
... A194: 192 | B194: =VLOOKUP(I194,Sheet3!C:D,2,FALSE) -> 56 | C194: トラップ耐性解除 | D194: 5618 | E194: =A194 -> 192 | G194: 解除 | H194: 耐性 | I194: =G194&"（"&H194&"）" -> 解除（耐性）
A195: 193 | B195: =VLOOKUP(I195,Sheet3!C:D,2,FALSE) -> 101 | C195: 状態異常無効 | D195: 10101 | E195: =A195 -> 193 | G195: 耐性 | I195: =G195&"（"&H195&"）" -> 耐性（）
A196: 194 | B196: =VLOOKUP(I196,Sheet3!C:D,2,FALSE) -> 101 | C196: 燃焼耐性 | D196: 10102 | E196: =A196 -> 194 | G196: 耐性 | I196: =G196&"（"&H196&"）" -> 耐性（）
A197: 195 | B197: =VLOOKUP(I197,Sheet3!C:D,2,FALSE) -> 101 | C197: スタン耐性 | D197: 10103 | E197: =A197 -> 195 | G197: 耐性 | I197: =G197&"（"&H197&"）" -> 耐性（）
A198: 196 | B198: =VLOOKUP(I198,Sheet3!C:D,2,FALSE) -> 101 | C198: ボム耐性 | D198: 10104 | E198: =A198 -> 196 | G198: 耐性 | I198: =G198&"（"&H198&"）" -> 耐性（）
A199: 197 | B199: =VLOOKUP(I199,Sheet3!C:D,2,FALSE) -> 101 | C199: スリープ耐性 | D199: 10105 | E199: =A199 -> 197 | G199: 耐性 | I199: =G199&"（"&H199&"）" -> 耐性（）
A200: 198 | B200: =VLOOKUP(I200,Sheet3!C:D,2,FALSE) -> 101 | C200: 移動不可耐性 | D200: 10106 | E200: =A200 -> 198 | G200: 耐性 | I200: =G200&"（"&H200&"）" -> 耐性（）
A201: 199 | B201: =VLOOKUP(I201,Sheet3!C:D,2,FALSE) -> 101 | C201: 近接不可耐性 | D201: 10107 | E201: =A201 -> 199 | G201: 耐性 | I201: =G201&"（"&H201&"）" -> 耐性（）
A202: 200 | B202: =VLOOKUP(I202,Sheet3!C:D,2,FALSE) -> 101 | C202: 遠距離不可耐性 | D202: 10108 | E202: =A202 -> 200 | G202: 耐性 | I202: =G202&"（"&H202&"）" -> 耐性（）
A203: 201 | B203: =VLOOKUP(I203,Sheet3!C:D,2,FALSE) -> 101 | C203: 回復不可耐性 | D203: 10109 | E203: =A203 -> 201 | G203: 耐性 | I203: =G203&"（"&H203&"）" -> 耐性（）
A204: 202 | B204: =VLOOKUP(I204,Sheet3!C:D,2,FALSE) -> 101 | C204: EN不可耐性 | D204: 10110 | E204: =A204 -> 202 | G204: 耐性 | I204: =G204&"（"&H204&"）" -> 耐性（）
A205: 203 | B205: =VLOOKUP(I205,Sheet3!C:D,2,FALSE) -> 101 | C205: ENスリップ耐性 | D205: 10111 | E205: =A205 -> 203 | G205: 耐性 | I205: =G205&"（"&H205&"）" -> 耐性（）
A206: 204 | B206: =VLOOKUP(I206,Sheet3!C:D,2,FALSE) -> 101 | C206: スキル不可耐性 | D206: 10112 | E206: =A206 -> 204 | G206: 耐性 | I206: =G206&"（"&H206&"）" -> 耐性（）
... A223: 221 | B223: =VLOOKUP(I223,Sheet3!C:D,2,FALSE) -> 102 | C223: オーバーヒール | D223: 10206 | E223: =A223 -> 221 | G223: 回復 | I223: =G223&"（"&H223&"）" -> 回復（）

Sheet MobileSSkill
A1: Id | B1: Group | C1: Name | E1: Grade | F1: Order | G1: Skill
A2: 1 | B2: 特殊状態 | C2: ビームダメージ上昇 | D2: 【自身】Ⅰ | E2: 4 | F2: 1 | G2: =VLOOKUP(C2,Skill!C:E,3,FALSE) -> 22
A3: 2 | B3: 特殊状態 | C3: 実弾ダメージ上昇 | D3: 【自身】Ⅰ | E3: 4 | F3: 2 | G3: =VLOOKUP(C3,Skill!C:E,3,FALSE) -> 23
A4: 3 | B4: 特殊状態 | C4: スーパーアーマー | D4: 【自身】Ⅰ | E4: 4 | F4: 3 | G4: =VLOOKUP(C4,Skill!C:E,3,FALSE) -> 24
A5: 4 | B5: 特殊状態 | C5: ビームカウンター | D5: 【全体】Ⅰ | E5: 4 | F5: 4 | G5: =VLOOKUP(C5,Skill!C:E,3,FALSE) -> 29
A6: 5 | B6: 特殊状態 | C6: 実弾カウンター | D6: 【全体】Ⅰ | E6: 4 | F6: 5 | G6: =VLOOKUP(C6,Skill!C:E,3,FALSE) -> 30
A7: 6 | B7: 特殊状態 | C7: 鉄壁 | D7: 【全体】Ⅰ | E7: 4 | F7: 6 | G7: =VLOOKUP(C7,Skill!C:E,3,FALSE) -> 43
A8: 7 | B8: 特殊状態 | C8: プロテクション | D8: 【全体】Ⅰ | E8: 4 | F8: 7 | G8: =VLOOKUP(C8,Skill!C:E,3,FALSE) -> 46
A9: 8 | B9: 特殊状態 | C9: 逆境（攻撃） | D9: 【自身】Ⅰ | E9: 4 | F9: 8 | G9: =VLOOKUP(C9,Skill!C:E,3,FALSE) -> 65
A10: 9 | B10: 特殊状態 | C10: 逆境（防御） | D10: 【自身】Ⅰ | E10: 4 | F10: 9 | G10: =VLOOKUP(C10,Skill!C:E,3,FALSE) -> 66
A11: 10 | B11: 特殊状態 | C11: 逆境（回復） | D11: 【自身】Ⅰ | E11: 4 | F11: 10 | G11: =VLOOKUP(C11,Skill!C:E,3,FALSE) -> 67
A12: 11 | B12: 状態異常 | C12: スタン | D12: 【全体】Ⅰ | E12: 4 | F12: 11 | G12: =VLOOKUP(C12,Skill!C:E,3,FALSE) -> 75
A13: 12 | B13: 状態異常 | C13: スリープ | D13: 【全体】Ⅰ | E13: 4 | F13: 12 | G13: =VLOOKUP(C13,Skill!C:E,3,FALSE) -> 77
... A75: 74 | B75: 回復 | C75: ENチャージ | D75: 【全体】Ⅰ | E75: 4 | F75: 74 | G75: =VLOOKUP(C75,Skill!C:E,3,FALSE) -> 220

Sheet PilotSkill
A1: Id | B1: Group | C1: Name | D1: Order | E1: Skill
A2: 1 | B2: 特殊攻撃 | C2: クリティカル確定 | D2: 1 | E2: =VLOOKUP(C2,Skill!C:E,3,FALSE) -> 8
A3: 2 | B3: 特殊攻撃 | C3: ENダメージ | D3: 2 | E3: =VLOOKUP(C3,Skill!C:E,3,FALSE) -> 9
A4: 3 | B4: 特殊状態 | C4: ビームダメージ上昇 | D4: 3 | E4: =VLOOKUP(C4,Skill!C:E,3,FALSE) -> 22
A5: 4 | B5: 特殊状態 | C5: 実弾ダメージ上昇 | D5: 4 | E5: =VLOOKUP(C5,Skill!C:E,3,FALSE) -> 23
A6: 5 | B6: 特殊状態 | C6: ライトアーマー | D6: 5 | E6: =VLOOKUP(C6,Skill!C:E,3,FALSE) -> 25
A7: 6 | B7: 特殊状態 | C7: スーパーアーマー | D7: 6 | E7: =VLOOKUP(C7,Skill!C:E,3,FALSE) -> 24
A8: 7 | B8: 特殊状態 | C8: パリィ | D8: 7 | E8: =VLOOKUP(C8,Skill!C:E,3,FALSE) -> 28
A9: 8 | B9: 特殊状態 | C9: ビームダメージ無効 | D9: 8 | E9: =VLOOKUP(C9,Skill!C:E,3,FALSE) -> 33
A10: 9 | B10: 特殊状態 | C10: 実弾ダメージ軽減 | D10: 9 | E10: =VLOOKUP(C10,Skill!C:E,3,FALSE) -> 34
A11: 10 | B11: 特殊状態 | C11: 能力低下無効 | D11: 10 | E11: =VLOOKUP(C11,Skill!C:E,3,FALSE) -> 37
A12: 11 | B12: 特殊状態 | C12: クリティカル無効 | D12: 11 | E12: =VLOOKUP(C12,Skill!C:E,3,FALSE) -> 38
A13: 12 | B13: 特殊状態 | C13: プロテクション | D13: 12 | E13: =VLOOKUP(C13,Skill!C:E,3,FALSE) -> 46
... A80: 79 | B80: 回復 | C80: 継続回復 | D80: 79 | E80: =VLOOKUP(C80,Skill!C:E,3,FALSE) -> 218

Sheet Sheet3
A1: 範囲 | C1: =A1&"（"&B1&"）" -> 範囲（） | D1: 1
A2: 特定の対象 | C2: =A2&"（"&B2&"）" -> 特定の対象（） | D2: 2
A3: 属性 | C3: =A3&"（"&B3&"）" -> 属性（） | D3: 3
A4: 特殊効果 | C4: =A4&"（"&B4&"）" -> 特殊効果（） | D4: 4
A5: 特殊攻撃 | C5: =A5&"（"&B5&"）" -> 特殊攻撃（） | D5: 5
A6: 特殊状態 | C6: =A6&"（"&B6&"）" -> 特殊状態（） | D6: 6
A7: 状態異常 | C7: =A7&"（"&B7&"）" -> 状態異常（） | D7: 7
A8: ステータス上昇 | C8: =A8&"（"&B8&"）" -> ステータス上昇（） | D8: 8
A9: ステータス低下 | C9: =A9&"（"&B9&"）" -> ステータス低下（） | D9: 9
A10: 解除 | B10: 特殊攻撃 | C10: =A10&"（"&B10&"）" -> 解除（特殊攻撃） | D10: 51
A11: 解除 | B11: 特殊状態 | C11: =A11&"（"&B11&"）" -> 解除（特殊状態） | D11: 52
A12: 解除 | B12: 状態異常 | C12: =A12&"（"&B12&"）" -> 解除（状態異常） | D12: 53
A13: 解除 | B13: ステータス上昇 | C13: =A13&"（"&B13&"）" -> 解除（ステータス上昇） | D13: 54
A14: 解除 | B14: ステータス低下 | C14: =A14&"（"&B14&"）" -> 解除（ステータス低下） | D14: 55
A15: 解除 | B15: 耐性 | C15: =A15&"（"&B15&"）" -> 解除（耐性） | D15: 56
A16: 耐性 | C16: =A16&"（"&B16&"）" -> 耐性（） | D16: 101
A17: 回復 | C17: =A17&"（"&B17&"）" -> 回復（） | D17: 102
A18: 威力上昇 | C18: =A18&"（"&B18&"）" -> 威力上昇（） | D18: 103
A19: 追撃 | C19: =A19&"（"&B19&"）" -> 追撃（） | D19: 104
A20: トラップ | C20: =A20&"（"&B20&"）" -> トラップ（） | D20: 105
A21: その他 | C21: =A21&"（"&B21&"）" -> その他（） | D21: 106
